{"initial_reset_timestamp": 1582702245.307402, "timestamps": [1582702245.7141893], "episode_lengths": [10], "episode_rewards": [0.9990000000000001], "episode_types": ["t"]}