{"initial_reset_timestamp": 1581478617.7775273, "timestamps": [1581478618.1816862], "episode_lengths": [626], "episode_rewards": [90.0], "episode_types": ["t"]}